Workbook

Sheet GROUP 1
A1: MATCH | B1: DATE | C1: GROUP | D1: HOME TEAM | E1: AWAY TEAM | F1: HOME GOALS | G1: AWAY GOALS
A2: 1 | B2: 11 Jun 2026 | C2: Group A | D2: Mexico | E2: South Africa | F2: 2 | G2: 3
A3: 2 | B3: 11 Jun 2026 | C3: Group A | D3: South Korea | E3: Czech Republic | F3: 2 | G3: 1
A4: 3 | B4: 12 Jun 2026 | C4: Group B | D4: Canada | E4: Bosnia & Herz. | F4: 1 | G4: 1
A5: 4 | B5: 12 Jun 2026 | C5: Group D | D5: USA | E5: Paraguay | F5: 4 | G5: 1
A6: 5 | B6: 13 Jun 2026 | C6: Group B | D6: Switzerland | E6: Qatar | F6: 1 | G6: 1
A7: 6 | B7: 13 Jun 2026 | C7: Group C | D7: Brazil | E7: Morocco | F7: 1 | G7: 1
A8: 7 | B8: 13 Jun 2026 | C8: Group C | D8: Scotland | E8: Haiti | F8: 1 | G8: 0
A9: 8 | B9: 13 Jun 2026 | C9: Group D | D9: Australia | E9: Türkiye | F9: 2 | G9: 0
A10: 9 | B10: 14 Jun 2026 | C10: Group E | D10: Germany | E10: Curaçao | F10: 7 | G10: 1
A11: 10 | B11: 14 Jun 2026 | C11: Group E | D11: Ivory Coast | E11: Ecuador | F11: 1 | G11: 0
A12: 11 | B12: 14 Jun 2026 | C12: Group F | D12: Netherlands | E12: Japan | F12: 2 | G12: 2
A13: 12 | B13: 14 Jun 2026 | C13: Group F | D13: Sweden | E13: Tunisia | F13: 5 | G13: 1
... A73: 72 | B73: 27 Jun 2026 | C73: Group L | D73: Croatia | E73: Ghana | F73: 2 | G73: 1

Sheet FIFA-2026 G1
A1: GROUP | B1: Team | C1: MP | D1: W | E1: D | F1: L | G1: GF | H1: GA | I1: GD | J1: Pts
A2: A | B2: Mexico | C2: 3 | D2: {=SUMPRODUCT(('GROUP 1'!$D$2:$D$73=B2)*('GROUP 1'!$F$2:$F$73>'GROUP 1'!$G$2:$G$73))+SUMPRODUCT(('GROUP 1'!$E$2:$E$73=B2)*('GROUP 1'!$G$2:$G$73>'GROUP 1'!$F$2:$F$73))} -> 2 | E2: {=SUMPRODUCT((('GROUP 1'!$D$2:$D$73=B2)+('GROUP 1'!$E$2:$E$73=B2))*('GROUP 1'!$F$2:$F$73='GROUP 1'!$G$2:$G$73))} -> 0 | F2: =(C2-(D2+E2)) -> 1 | G2: =SUMIF('GROUP 1'!D:D,B2,'GROUP 1'!F:F)+SUMIF('GROUP 1'!E:E,B2,'GROUP 1'!G:G) -> 6 | H2: =SUMIF('GROUP 1'!D:D,B2,'GROUP 1'!G:G)+SUMIF('GROUP 1'!E:E,B2,'GROUP 1'!F:F) -> 3 | I2: =G2-H2 -> 3 | J2: =D2*3+E2 -> 6
A3: A | B3: South Africa | C3: =COUNTIF('GROUP 1'!D:D,B3)+COUNTIF('GROUP 1'!E:E,B3) -> 3 | D3: {=SUMPRODUCT(('GROUP 1'!$D$2:$D$73=B3)*('GROUP 1'!$F$2:$F$73>'GROUP 1'!$G$2:$G$73))+SUMPRODUCT(('GROUP 1'!$E$2:$E$73=B3)*('GROUP 1'!$G$2:$G$73>'GROUP 1'!$F$2:$F$73))} -> 2 | E3: {=SUMPRODUCT((('GROUP 1'!$D$2:$D$73=B3)+('GROUP 1'!$E$2:$E$73=B3))*('GROUP 1'!$F$2:$F$73='GROUP 1'!$G$2:$G$73))} -> 1 | F3: =(C3-(D3+E3)) -> 0 | G3: =SUMIF('GROUP 1'!D:D,B3,'GROUP 1'!F:F)+SUMIF('GROUP 1'!E:E,B3,'GROUP 1'!G:G) -> 5 | H3: =SUMIF('GROUP 1'!D:D,B3,'GROUP 1'!G:G)+SUMIF('GROUP 1'!E:E,B3,'GROUP 1'!F:F) -> 3 | I3: =G3-H3 -> 2 | J3: =D3*3+E3 -> 7
A4: A | B4: South Korea | C4: =COUNTIF('GROUP 1'!D:D,B4)+COUNTIF('GROUP 1'!E:E,B4) -> 3 | D4: {=SUMPRODUCT(('GROUP 1'!$D$2:$D$73=B4)*('GROUP 1'!$F$2:$F$73>'GROUP 1'!$G$2:$G$73))+SUMPRODUCT(('GROUP 1'!$E$2:$E$73=B4)*('GROUP 1'!$G$2:$G$73>'GROUP 1'!$F$2:$F$73))} -> 1 | E4: {=SUMPRODUCT((('GROUP 1'!$D$2:$D$73=B4)+('GROUP 1'!$E$2:$E$73=B4))*('GROUP 1'!$F$2:$F$73='GROUP 1'!$G$2:$G$73))} -> 0 | F4: =(C4-(D4+E4)) -> 2 | G4: =SUMIF('GROUP 1'!D:D,B4,'GROUP 1'!F:F)+SUMIF('GROUP 1'!E:E,B4,'GROUP 1'!G:G) -> 2 | H4: =SUMIF('GROUP 1'!D:D,B4,'GROUP 1'!G:G)+SUMIF('GROUP 1'!E:E,B4,'GROUP 1'!F:F) -> 3 | I4: =G4-H4 -> -1 | J4: =D4*3+E4 -> 3
A5: A | B5: Czech Republic | C5: =COUNTIF('GROUP 1'!D:D,B5)+COUNTIF('GROUP 1'!E:E,B5) -> 3 | D5: {=SUMPRODUCT(('GROUP 1'!$D$2:$D$73=B5)*('GROUP 1'!$F$2:$F$73>'GROUP 1'!$G$2:$G$73))+SUMPRODUCT(('GROUP 1'!$E$2:$E$73=B5)*('GROUP 1'!$G$2:$G$73>'GROUP 1'!$F$2:$F$73))} -> 0 | E5: {=SUMPRODUCT((('GROUP 1'!$D$2:$D$73=B5)+('GROUP 1'!$E$2:$E$73=B5))*('GROUP 1'!$F$2:$F$73='GROUP 1'!$G$2:$G$73))} -> 1 | F5: =(C5-(D5+E5)) -> 2 | G5: =SUMIF('GROUP 1'!D:D,B5,'GROUP 1'!F:F)+SUMIF('GROUP 1'!E:E,B5,'GROUP 1'!G:G) -> 2 | H5: =SUMIF('GROUP 1'!D:D,B5,'GROUP 1'!G:G)+SUMIF('GROUP 1'!E:E,B5,'GROUP 1'!F:F) -> 6 | I5: =G5-H5 -> -4 | J5: =D5*3+E5 -> 1
A6: B | B6: Switzerland | C6: =COUNTIF('GROUP 1'!D:D,B6)+COUNTIF('GROUP 1'!E:E,B6) -> 3 | D6: {=SUMPRODUCT(('GROUP 1'!$D$2:$D$73=B6)*('GROUP 1'!$F$2:$F$73>'GROUP 1'!$G$2:$G$73))+SUMPRODUCT(('GROUP 1'!$E$2:$E$73=B6)*('GROUP 1'!$G$2:$G$73>'GROUP 1'!$F$2:$F$73))} -> 2 | E6: {=SUMPRODUCT((('GROUP 1'!$D$2:$D$73=B6)+('GROUP 1'!$E$2:$E$73=B6))*('GROUP 1'!$F$2:$F$73='GROUP 1'!$G$2:$G$73))} -> 1 | F6: =(C6-(D6+E6)) -> 0 | G6: =SUMIF('GROUP 1'!D:D,B6,'GROUP 1'!F:F)+SUMIF('GROUP 1'!E:E,B6,'GROUP 1'!G:G) -> 7 | H6: =SUMIF('GROUP 1'!D:D,B6,'GROUP 1'!G:G)+SUMIF('GROUP 1'!E:E,B6,'GROUP 1'!F:F) -> 3 | I6: =G6-H6 -> 4 | J6: =D6*3+E6 -> 7
A7: B | B7: Canada | C7: =COUNTIF('GROUP 1'!D:D,B7)+COUNTIF('GROUP 1'!E:E,B7) -> 3 | D7: {=SUMPRODUCT(('GROUP 1'!$D$2:$D$73=B7)*('GROUP 1'!$F$2:$F$73>'GROUP 1'!$G$2:$G$73))+SUMPRODUCT(('GROUP 1'!$E$2:$E$73=B7)*('GROUP 1'!$G$2:$G$73>'GROUP 1'!$F$2:$F$73))} -> 1 | E7: {=SUMPRODUCT((('GROUP 1'!$D$2:$D$73=B7)+('GROUP 1'!$E$2:$E$73=B7))*('GROUP 1'!$F$2:$F$73='GROUP 1'!$G$2:$G$73))} -> 1 | F7: =(C7-(D7+E7)) -> 1 | G7: =SUMIF('GROUP 1'!D:D,B7,'GROUP 1'!F:F)+SUMIF('GROUP 1'!E:E,B7,'GROUP 1'!G:G) -> 8 | H7: =SUMIF('GROUP 1'!D:D,B7,'GROUP 1'!G:G)+SUMIF('GROUP 1'!E:E,B7,'GROUP 1'!F:F) -> 3 | I7: =G7-H7 -> 5 | J7: =D7*3+E7 -> 4
A8: B | B8: Bosnia & Herz. | C8: =COUNTIF('GROUP 1'!D:D,B8)+COUNTIF('GROUP 1'!E:E,B8) -> 3 | D8: {=SUMPRODUCT(('GROUP 1'!$D$2:$D$73=B8)*('GROUP 1'!$F$2:$F$73>'GROUP 1'!$G$2:$G$73))+SUMPRODUCT(('GROUP 1'!$E$2:$E$73=B8)*('GROUP 1'!$G$2:$G$73>'GROUP 1'!$F$2:$F$73))} -> 1 | E8: {=SUMPRODUCT((('GROUP 1'!$D$2:$D$73=B8)+('GROUP 1'!$E$2:$E$73=B8))*('GROUP 1'!$F$2:$F$73='GROUP 1'!$G$2:$G$73))} -> 1 | F8: =(C8-(D8+E8)) -> 1 | G8: =SUMIF('GROUP 1'!D:D,B8,'GROUP 1'!F:F)+SUMIF('GROUP 1'!E:E,B8,'GROUP 1'!G:G) -> 5 | H8: =SUMIF('GROUP 1'!D:D,B8,'GROUP 1'!G:G)+SUMIF('GROUP 1'!E:E,B8,'GROUP 1'!F:F) -> 6 | I8: =G8-H8 -> -1 | J8: =D8*3+E8 -> 4
A9: B | B9: Qatar | C9: =COUNTIF('GROUP 1'!D:D,B9)+COUNTIF('GROUP 1'!E:E,B9) -> 3 | D9: {=SUMPRODUCT(('GROUP 1'!$D$2:$D$73=B9)*('GROUP 1'!$F$2:$F$73>'GROUP 1'!$G$2:$G$73))+SUMPRODUCT(('GROUP 1'!$E$2:$E$73=B9)*('GROUP 1'!$G$2:$G$73>'GROUP 1'!$F$2:$F$73))} -> 0 | E9: {=SUMPRODUCT((('GROUP 1'!$D$2:$D$73=B9)+('GROUP 1'!$E$2:$E$73=B9))*('GROUP 1'!$F$2:$F$73='GROUP 1'!$G$2:$G$73))} -> 1 | F9: =(C9-(D9+E9)) -> 2 | G9: =SUMIF('GROUP 1'!D:D,B9,'GROUP 1'!F:F)+SUMIF('GROUP 1'!E:E,B9,'GROUP 1'!G:G) -> 2 | H9: =SUMIF('GROUP 1'!D:D,B9,'GROUP 1'!G:G)+SUMIF('GROUP 1'!E:E,B9,'GROUP 1'!F:F) -> 10 | I9: =G9-H9 -> -8 | J9: =D9*3+E9 -> 1
A10: C | B10: Brazil | C10: =COUNTIF('GROUP 1'!D:D,B10)+COUNTIF('GROUP 1'!E:E,B10) -> 3 | D10: {=SUMPRODUCT(('GROUP 1'!$D$2:$D$73=B10)*('GROUP 1'!$F$2:$F$73>'GROUP 1'!$G$2:$G$73))+SUMPRODUCT(('GROUP 1'!$E$2:$E$73=B10)*('GROUP 1'!$G$2:$G$73>'GROUP 1'!$F$2:$F$73))} -> 2 | E10: {=SUMPRODUCT((('GROUP 1'!$D$2:$D$73=B10)+('GROUP 1'!$E$2:$E$73=B10))*('GROUP 1'!$F$2:$F$73='GROUP 1'!$G$2:$G$73))} -> 1 | F10: =(C10-(D10+E10)) -> 0 | G10: =SUMIF('GROUP 1'!D:D,B10,'GROUP 1'!F:F)+SUMIF('GROUP 1'!E:E,B10,'GROUP 1'!G:G) -> 7 | H10: =SUMIF('GROUP 1'!D:D,B10,'GROUP 1'!G:G)+SUMIF('GROUP 1'!E:E,B10,'GROUP 1'!F:F) -> 1 | I10: =G10-H10 -> 6 | J10: =D10*3+E10 -> 7
A11: C | B11: Morocco | C11: =COUNTIF('GROUP 1'!D:D,B11)+COUNTIF('GROUP 1'!E:E,B11) -> 3 | D11: {=SUMPRODUCT(('GROUP 1'!$D$2:$D$73=B11)*('GROUP 1'!$F$2:$F$73>'GROUP 1'!$G$2:$G$73))+SUMPRODUCT(('GROUP 1'!$E$2:$E$73=B11)*('GROUP 1'!$G$2:$G$73>'GROUP 1'!$F$2:$F$73))} -> 2 | E11: {=SUMPRODUCT((('GROUP 1'!$D$2:$D$73=B11)+('GROUP 1'!$E$2:$E$73=B11))*('GROUP 1'!$F$2:$F$73='GROUP 1'!$G$2:$G$73))} -> 1 | F11: =(C11-(D11+E11)) -> 0 | G11: =SUMIF('GROUP 1'!D:D,B11,'GROUP 1'!F:F)+SUMIF('GROUP 1'!E:E,B11,'GROUP 1'!G:G) -> 6 | H11: =SUMIF('GROUP 1'!D:D,B11,'GROUP 1'!G:G)+SUMIF('GROUP 1'!E:E,B11,'GROUP 1'!F:F) -> 3 | I11: =G11-H11 -> 3 | J11: =D11*3+E11 -> 7
A12: C | B12: Scotland | C12: =COUNTIF('GROUP 1'!D:D,B12)+COUNTIF('GROUP 1'!E:E,B12) -> 3 | D12: {=SUMPRODUCT(('GROUP 1'!$D$2:$D$73=B12)*('GROUP 1'!$F$2:$F$73>'GROUP 1'!$G$2:$G$73))+SUMPRODUCT(('GROUP 1'!$E$2:$E$73=B12)*('GROUP 1'!$G$2:$G$73>'GROUP 1'!$F$2:$F$73))} -> 1 | E12: {=SUMPRODUCT((('GROUP 1'!$D$2:$D$73=B12)+('GROUP 1'!$E$2:$E$73=B12))*('GROUP 1'!$F$2:$F$73='GROUP 1'!$G$2:$G$73))} -> 0 | F12: =(C12-(D12+E12)) -> 2 | G12: =SUMIF('GROUP 1'!D:D,B12,'GROUP 1'!F:F)+SUMIF('GROUP 1'!E:E,B12,'GROUP 1'!G:G) -> 1 | H12: =SUMIF('GROUP 1'!D:D,B12,'GROUP 1'!G:G)+SUMIF('GROUP 1'!E:E,B12,'GROUP 1'!F:F) -> 4 | I12: =G12-H12 -> -3 | J12: =D12*3+E12 -> 3
A13: C | B13: Haiti | C13: =COUNTIF('GROUP 1'!D:D,B13)+COUNTIF('GROUP 1'!E:E,B13) -> 3 | D13: {=SUMPRODUCT(('GROUP 1'!$D$2:$D$73=B13)*('GROUP 1'!$F$2:$F$73>'GROUP 1'!$G$2:$G$73))+SUMPRODUCT(('GROUP 1'!$E$2:$E$73=B13)*('GROUP 1'!$G$2:$G$73>'GROUP 1'!$F$2:$F$73))} -> 0 | E13: {=SUMPRODUCT((('GROUP 1'!$D$2:$D$73=B13)+('GROUP 1'!$E$2:$E$73=B13))*('GROUP 1'!$F$2:$F$73='GROUP 1'!$G$2:$G$73))} -> 0 | F13: =(C13-(D13+E13)) -> 3 | G13: =SUMIF('GROUP 1'!D:D,B13,'GROUP 1'!F:F)+SUMIF('GROUP 1'!E:E,B13,'GROUP 1'!G:G) -> 2 | H13: =SUMIF('GROUP 1'!D:D,B13,'GROUP 1'!G:G)+SUMIF('GROUP 1'!E:E,B13,'GROUP 1'!F:F) -> 8 | I13: =G13-H13 -> -6 | J13: =D13*3+E13 -> 0
A14: D | B14: USA | C14: =COUNTIF('GROUP 1'!D:D,B14)+COUNTIF('GROUP 1'!E:E,B14) -> 3 | D14: {=SUMPRODUCT(('GROUP 1'!$D$2:$D$73=B14)*('GROUP 1'!$F$2:$F$73>'GROUP 1'!$G$2:$G$73))+SUMPRODUCT(('GROUP 1'!$E$2:$E$73=B14)*('GROUP 1'!$G$2:$G$73>'GROUP 1'!$F$2:$F$73))} -> 2 | E14: {=SUMPRODUCT((('GROUP 1'!$D$2:$D$73=B14)+('GROUP 1'!$E$2:$E$73=B14))*('GROUP 1'!$F$2:$F$73='GROUP 1'!$G$2:$G$73))} -> 0 | F14: =(C14-(D14+E14)) -> 1 | G14: =SUMIF('GROUP 1'!D:D,B14,'GROUP 1'!F:F)+SUMIF('GROUP 1'!E:E,B14,'GROUP 1'!G:G) -> 8 | H14: =SUMIF('GROUP 1'!D:D,B14,'GROUP 1'!G:G)+SUMIF('GROUP 1'!E:E,B14,'GROUP 1'!F:F) -> 4 | I14: =G14-H14 -> 4 | J14: =D14*3+E14 -> 6
... A49: L | B49: Panama | C49: =COUNTIF('GROUP 1'!D:D,B49)+COUNTIF('GROUP 1'!E:E,B49) -> 3 | D49: {=SUMPRODUCT(('GROUP 1'!$D$2:$D$73=B49)*('GROUP 1'!$F$2:$F$73>'GROUP 1'!$G$2:$G$73))+SUMPRODUCT(('GROUP 1'!$E$2:$E$73=B49)*('GROUP 1'!$G$2:$G$73>'GROUP 1'!$F$2:$F$73))} -> 0 | E49: {=SUMPRODUCT((('GROUP 1'!$D$2:$D$73=B49)+('GROUP 1'!$E$2:$E$73=B49))*('GROUP 1'!$F$2:$F$73='GROUP 1'!$G$2:$G$73))} -> 0 | F49: =(C49-(D49+E49)) -> 3 | G49: =SUMIF('GROUP 1'!D:D,B49,'GROUP 1'!F:F)+SUMIF('GROUP 1'!E:E,B49,'GROUP 1'!G:G) -> 0 | H49: =SUMIF('GROUP 1'!D:D,B49,'GROUP 1'!G:G)+SUMIF('GROUP 1'!E:E,B49,'GROUP 1'!F:F) -> 4 | I49: =G49-H49 -> -4 | J49: =D49*3+E49 -> 0
